COUNTRY,ISO3,WHO_REGION,DATA_SOURCE,DATE_UPDATED,TOTAL_VACCINATIONS,PERSONS_VACCINATED_1PLUS_DOSE,TOTAL_VACCINATIONS_PER100,PERSONS_VACCINATED_1PLUS_DOSE_PER100,PERSONS_FULLY_VACCINATED,PERSONS_FULLY_VACCINATED_PER100,VACCINES_USED,FIRST_VACCINE_DATE,NUMBER_VACCINES_TYPES_USED,PERSONS_BOOSTER_ADD_DOSE,PERSONS_BOOSTER_ADD_DOSE_PER100
Afghanistan,AFG,EMRO,REPORTING,2022-10-04,11923733.0,10961643.0,30.63,28.159,10278516.0,26.404,"AstraZeneca - Vaxzevria,Beijing CNBG - BBIBP-CorV,Bharat - Covaxin,CanSino - Convidecia,Gamaleya - Gam-Covid-Vac,Gamaleya - Sputnik-Light,Janssen - Ad26.COV 2-S,Moderna - Spikevax,Pfizer BioNTech - Comirnaty,SII - Covishield,Sinovac - CoronaVac",2021-02-22,11.0,,
Albania,ALB,EURO,REPORTING,2022-09-18,2974247.0,1336938.0,103.4,46.977,1262982.0,44.378,"AstraZeneca - Vaxzevria,Gamaleya - Gam-Covid-Vac,Pfizer BioNTech - Comirnaty,SII - Covishield,Sinovac - CoronaVac",2021-01-13,5.0,356077.0,12.512
Algeria,DZA,AFRO,REPORTING,2022-09-04,15267442.0,7840131.0,34.817,17.879,6481186.0,14.78,"Beijing CNBG - BBIBP-CorV,Gamaleya - Gam-Covid-Vac,SII - Covishield,Sinovac - CoronaVac",2021-01-30,4.0,575651.0,1.313
American Samoa,ASM,WPRO,REPORTING,2022-08-23,111316.0,44885.0,201.67,81.318,41423.0,75.046,"Janssen - Ad26.COV 2-S,Moderna - Spikevax,Pfizer BioNTech - Comirnaty",2020-12-21,3.0,24160.0,43.77
Andorra,AND,EURO,REPORTING,2022-09-11,154235.0,57894.0,199.6,75.999,53480.0,70.205,"AstraZeneca - Vaxzevria,Moderna - Spikevax,Pfizer BioNTech - Comirnaty",2021-01-20,3.0,42861.0,56.265
Angola,AGO,AFRO,REPORTING,2022-10-02,22624179.0,14220830.0,68.837,43.269,7814121.0,23.776,SII - Covishield,2021-03-10,1.0,1127156.0,3.43
Anguilla,AIA,AMRO,REPORTING,2022-09-16,24102.0,10846.0,160.659,72.297,10314.0,68.751,"AstraZeneca - Vaxzevria,Pfizer BioNTech - Comirnaty",2021-02-05,2.0,2942.0,19.611
Antigua and Barbuda,ATG,AMRO,REPORTING,2022-09-16,136512.0,64290.0,139.399,65.65,62384.0,63.703,"AstraZeneca - Vaxzevria,Beijing CNBG - BBIBP-CorV,Gamaleya - Gam-Covid-Vac,Janssen - Ad26.COV 2-S,Pfizer BioNTech - Comirnaty,SII - Covishield",2021-03-01,6.0,9838.0,10.046
Argentina,ARG,AMRO,REPORTING,2022-09-16,109277682.0,41285663.0,241.787,91.349,37803566.0,83.644,"AstraZeneca - Vaxzevria,Beijing CNBG - BBIBP-CorV,CanSino - Convidecia,Gamaleya - Gam-Covid-Vac,Moderna - Spikevax,Pfizer BioNTech - Comirnaty,SII - Covishield",2020-12-29,7.0,30509440.0,67.505
Armenia,ARM,EURO,REPORTING,2022-05-22,2150112.0,1129669.0,72.6,38.123,985807.0,33.268,"AstraZeneca - Vaxzevria,Beijing CNBG - BBIBP-CorV,Gamaleya - Gam-Covid-Vac,Gamaleya - Sputnik-Light,Moderna - Spikevax,Pfizer BioNTech - Comirnaty,Sinovac - CoronaVac,Wuhan CNBG - Inactivated",2021-06-16,8.0,40725.0,1.374
Aruba,ABW,AMRO,REPORTING,2022-09-16,173306.0,89761.0,162.323,84.073,83545.0,78.251,"Janssen - Ad26.COV 2-S,Pfizer BioNTech - Comirnaty",2021-02-17,2.0,,
Australia,AUS,WPRO,REPORTING,2022-09-08,63280978.0,22427304.0,248.162,87.951,21766240.0,85.358,"AstraZeneca - Vaxzevria,Janssen - Ad26.COV 2-S,Moderna - Spikevax,Novavax-NUVAXOVID,Pfizer BioNTech - Comirnaty",2021-02-21,5.0,14227605.0,55.795
Austria,AUT,EURO,REPORTING,2022-09-18,19226645.0,6887651.0,216.0,77.483,6674397.0,74.984,"AstraZeneca - Vaxzevria,Janssen - Ad26.COV 2-S,Moderna - Spikevax,Novavax-NUVAXOVID,Pfizer BioNTech - Comirnaty,Unknown Vaccine",2020-12-30,6.0,5332319.0,59.907
Azerbaijan,AZE,EURO,REPORTING,2022-09-18,13742472.0,5402833.0,135.5,53.287,4869847.0,48.03,"AstraZeneca - Vaxzevria,Gamaleya - Gam-Covid-Vac,Gamaleya - Sputnik-Light,Pfizer BioNTech - Comirnaty,Sinovac - CoronaVac",2021-01-20,5.0,3469794.0,34.222
Bahamas,BHS,AMRO,REPORTING,2022-09-16,359002.0,172859.0,91.292,43.957,164305.0,41.782,"AstraZeneca - Vaxzevria,Janssen - Ad26.COV 2-S,Pfizer BioNTech - Comirnaty,SII - Covishield",2021-03-14,4.0,31626.0,8.042
Bahrain,BHR,EMRO,REPORTING,2022-10-04,3471430.0,1240636.0,204.013,72.911,1226091.0,72.056,"AstraZeneca - Vaxzevria,Beijing CNBG - BBIBP-CorV,Bharat - Covaxin,CanSino - Convidecia,Gamaleya - Gam-Covid-Vac,Gamaleya - Sputnik-Light,Janssen - Ad26.COV 2-S,Moderna - Spikevax,Pfizer BioNTech - Comirnaty,SII - Covishield,Sinovac - CoronaVac",2020-11-04,11.0,1004703.0,59.045
Bangladesh,BGD,SEARO,REPORTING,2022-10-04,311755456.0,132509030.0,189.299,80.46,123588907.0,75.044,"AstraZeneca - Vaxzevria,Beijing CNBG - BBIBP-CorV,Gamaleya - Gam-Covid-Vac,Janssen - Ad26.COV 2-S,Moderna - Spikevax,Pfizer BioNTech - Comirnaty,SII - Covishield,Sinovac - CoronaVac",2021-01-27,8.0,55657519.0,33.795
Barbados,BRB,AMRO,REPORTING,2022-09-16,374195.0,163445.0,130.211,56.875,154502.0,53.763,"AstraZeneca - Vaxzevria,Beijing CNBG - BBIBP-CorV,Janssen - Ad26.COV 2-S,Pfizer BioNTech - Comirnaty,SII - Covishield",2021-01-08,5.0,56248.0,19.573
Belarus,BLR,EURO,REPORTING,2022-09-18,15582410.0,6501526.0,164.9,68.804,6390796.0,67.632,"Beijing CNBG - BBIBP-CorV,Chumakov - Covi-Vac,Gamaleya - Gam-Covid-Vac,Gamaleya - Sputnik-Light",2021-02-03,4.0,2951428.0,31.234
Belgium,BEL,EURO,REPORTING,2022-09-18,25825455.0,9245845.0,224.1,80.242,9149729.0,79.408,"AstraZeneca - Vaxzevria,Janssen - Ad26.COV 2-S,Moderna - Spikevax,Pfizer BioNTech - Comirnaty",2020-12-30,4.0,7200587.0,62.492
Belize,BLZ,AMRO,REPORTING,2022-09-16,499320.0,250546.0,125.575,63.01,219901.0,55.303,"AstraZeneca - Vaxzevria,Beijing CNBG - BBIBP-CorV,Janssen - Ad26.COV 2-S,Pfizer BioNTech - Comirnaty,SII - Covishield",2021-03-01,5.0,50682.0,12.746
Benin,BEN,AFRO,REPORTING,2022-10-02,3692096.0,3207032.0,30.455,26.454,2690517.0,22.193,"AstraZeneca - Vaxzevria,Janssen - Ad26.COV 2-S,Pfizer BioNTech - Comirnaty,SII - Covishield,Sinovac - CoronaVac",2021-03-29,5.0,,
Bermuda,BMU,AMRO,REPORTING,2022-09-16,132042.0,48554.0,212.037,77.97,47657.0,76.529,"AstraZeneca - Vaxzevria,Pfizer BioNTech - Comirnaty",2021-01-11,2.0,31829.0,51.112
Bhutan,BTN,SEARO,REPORTING,2022-10-02,2004357.0,698411.0,259.764,90.514,677250.0,87.771,"AstraZeneca - Vaxzevria,Beijing CNBG - BBIBP-CorV,Moderna - Spikevax,Pfizer BioNTech - Comirnaty,SII - Covishield",2021-03-27,5.0,628696.0,81.479
Bolivia (Plurinational State of),BOL,AMRO,REPORTING,2022-09-16,15218408.0,7384270.0,130.372,63.259,6180182.0,52.944,"AstraZeneca - Vaxzevria,Beijing CNBG - BBIBP-CorV,Gamaleya - Gam-Covid-Vac,Janssen - Ad26.COV 2-S,Moderna - Spikevax,Pfizer BioNTech - Comirnaty,SII - Covishield",2021-01-30,7.0,2201921.0,18.863
Bonaire,XAA,AMRO,REPORTING,2022-09-16,41361.0,17460.0,197.758,83.481,15884.0,75.945,,,,8017.0,38.331
"Bonaire, Sint Eustatius and Saba",BES,AMRO,OWID,2021-09-01,35845.0,19109.0,137.934,73.533,16736.0,64.401,"Moderna - mRNA-1273, Pfizer BioNTech - Comirnaty",,2.0,,
Bosnia and Herzegovina,BIH,EURO,REPORTING,2022-01-29,1924950.0,943394.0,58.7,28.755,846080.0,25.789,"AstraZeneca - AZD1222, Pfizer BioNTech - Comirnaty, Sinovac - CoronaVac, Gamaleya - Sputnik V",,4.0,,
Botswana,BWA,AFRO,REPORTING,2022-10-02,2891400.0,1589621.0,122.953,67.597,1378230.0,58.608,"Bharat - Covaxin,Janssen - Ad26.COV 2-S,Moderna - Spikevax,Pfizer BioNTech - Comirnaty,SII - Covishield,Sinovac - CoronaVac",2021-03-26,6.0,466951.0,19.857
Brazil,BRA,AMRO,REPORTING,2022-09-16,479103959.0,183587361.0,225.398,86.37,165192077.0,77.716,"AstraZeneca - Vaxzevria,Janssen - Ad26.COV 2-S,Pfizer BioNTech - Comirnaty,SII - Covishield,Sinovac - CoronaVac",2021-01-17,5.0,102902557.0,48.411
British Virgin Islands,VGB,AMRO,REPORTING,2022-09-16,41453.0,19466.0,137.094,64.378,18261.0,60.393,"AstraZeneca - Vaxzevria,Janssen - Ad26.COV 2-S",2021-02-11,2.0,3726.0,12.323
Brunei Darussalam,BRN,WPRO,REPORTING,2022-09-09,1273212.0,449769.0,291.034,102.809,444757.0,101.664,"AstraZeneca - Vaxzevria,Beijing CNBG - BBIBP-CorV,Janssen - Ad26.COV 2-S,Moderna - Spikevax,Pfizer BioNTech - Comirnaty",2021-04-03,5.0,335738.0,76.744
Bulgaria,BGR,EURO,REPORTING,2022-09-18,4537223.0,2101905.0,65.3,30.237,2072927.0,29.82,"AstraZeneca - Vaxzevria,Janssen - Ad26.COV 2-S,Moderna - Spikevax,Pfizer BioNTech - Comirnaty",2020-12-30,4.0,806040.0,11.595
Burkina Faso,BFA,AFRO,REPORTING,2022-10-02,4070678.0,3079151.0,19.474,14.73,2658480.0,12.718,"Beijing CNBG - BBIBP-CorV,Janssen - Ad26.COV 2-S,SII - Covishield",2021-06-02,3.0,,
Burundi,BDI,AFRO,REPORTING,2022-10-02,23180.0,21265.0,0.195,0.179,20674.0,0.174,Beijing CNBG - BBIBP-CorV,2021-10-18,1.0,43.0,0.0
Cabo Verde,CPV,AFRO,REPORTING,2022-09-25,859940.0,356734.0,154.669,64.162,308720.0,55.526,"Beijing CNBG - BBIBP-CorV,Moderna - Spikevax,Pfizer BioNTech - Comirnaty,SII - Covishield",2021-03-18,4.0,749.0,0.135
Cambodia,KHM,WPRO,REPORTING,2022-09-23,43968556.0,15191537.0,262.986,90.864,14543659.0,86.989,"AstraZeneca - Vaxzevria,Beijing CNBG - BBIBP-CorV,Janssen - Ad26.COV 2-S,Moderna - Spikevax,Pfizer BioNTech - Comirnaty,SII - Covishield,Sinovac - CoronaVac",2021-02-10,7.0,10164757.0,60.798
Cameroon,CMR,AFRO,REPORTING,2022-10-02,1898883.0,1613061.0,7.153,6.077,1261632.0,4.753,"Beijing CNBG - BBIBP-CorV,Janssen - Ad26.COV 2-S,Pfizer BioNTech - Comirnaty,SII - Covishield",2021-04-12,4.0,61125.0,0.23
Canada,CAN,AMRO,REPORTING,2022-09-16,88148937.0,32787406.0,233.556,86.872,31432603.0,83.282,"AstraZeneca - Vaxzevria,Janssen - Ad26.COV 2-S,Moderna - Spikevax,Pfizer BioNTech - Comirnaty,SII - Covishield",2020-12-14,5.0,19182301.0,50.825
Cayman Islands,CYM,AMRO,REPORTING,2022-09-16,148160.0,61663.0,225.441,93.827,60145.0,91.517,Pfizer BioNTech - Comirnaty,2021-01-15,1.0,23910.0,36.382
Central African Republic,CAF,AFRO,REPORTING,2022-09-25,1714941.0,1667260.0,35.508,34.521,1577767.0,32.668,"Bharat - Covaxin,SII - Covishield",2021-03-19,2.0,214090.0,4.433
Chad,TCD,AFRO,REPORTING,2022-10-02,3879297.0,3879297.0,23.617,23.617,3752088.0,22.843,Beijing CNBG - BBIBP-CorV,2021-06-04,1.0,,
Chile,CHL,AMRO,REPORTING,2022-09-16,62229394.0,18065602.0,325.532,94.504,17672392.0,92.447,"AstraZeneca - Vaxzevria,CanSino - Convidecia,Moderna - Spikevax,Pfizer BioNTech - Comirnaty,Sinovac - CoronaVac",2020-12-21,5.0,15623225.0,81.728
China,CHN,WPRO,REPORTING,2022-09-13,3455225743.0,1307449048.0,234.844,88.864,1277232041.0,86.811,"Anhui ZL - Zifivax,Beijing CNBG - BBIBP-CorV,CanSino - Convidecia,IMB - Covidful,Pfizer BioNTech - Comirnaty,Shenzhen - LV-SMENP-DC,Sinovac - CoronaVac,Wuhan CNBG - Inactivated",2020-07-22,8.0,776220753.0,52.758
Colombia,COL,AMRO,REPORTING,2022-09-16,87566541.0,42633866.0,172.094,83.788,36479814.0,71.694,"AstraZeneca - Vaxzevria,Janssen - Ad26.COV 2-S,Moderna - Spikevax,Pfizer BioNTech - Comirnaty,Sinovac - CoronaVac",2021-02-17,5.0,13662929.0,26.852
Comoros,COM,AFRO,REPORTING,2022-10-02,835021.0,438825.0,96.023,50.463,397080.0,45.662,"Beijing CNBG - BBIBP-CorV,Bharat - Covaxin,SII - Covishield",2021-04-10,3.0,,
Congo,COG,AFRO,REPORTING,2022-07-31,833210.0,695760.0,15.1,12.609,654119.0,11.854,"Beijing CNBG - BBIBP-CorV,Gamaleya - Gam-Covid-Vac,Moderna - Spikevax,SII - Covishield",2021-03-23,4.0,,
Cook Islands,COK,WPRO,REPORTING,2022-05-10,39612.0,15020.0,225.529,85.516,14676.0,83.557,Pfizer BioNTech - Comirnaty,2021-05-17,1.0,9916.0,56.456
Costa Rica,CRI,AMRO,REPORTING,2022-09-16,11913344.0,4471009.0,233.865,87.768,4203167.0,82.51,"AstraZeneca - Vaxzevria,Moderna - Spikevax,Pfizer BioNTech - Comirnaty",2020-12-24,3.0,2549028.0,50.039
Côte d’Ivoire,CIV,AFRO,REPORTING,2022-09-18,18547812.0,10721755.0,70.315,40.646,8817755.0,33.428,"Beijing CNBG - BBIBP-CorV,Gamaleya - Gam-Covid-Vac,Janssen - Ad26.COV 2-S,Pfizer BioNTech - Comirnaty,SII - Covishield",2021-03-01,5.0,1243021.0,4.712
Croatia,HRV,EURO,REPORTING,2022-09-18,5293366.0,2316460.0,130.4,57.115,2243262.0,55.278,"AstraZeneca - Vaxzevria,Janssen - Ad26.COV 2-S,Moderna - Spikevax,Novavax-NUVAXOVID,Pfizer BioNTech - Comirnaty,Unknown Vaccine",2020-12-23,6.0,920569.0,22.684
Cuba,CUB,AMRO,REPORTING,2022-09-16,37691939.0,10701830.0,332.773,94.484,9990274.0,88.202,"CIGB - CIGB-66,Finlay - Soberana Plus,Finlay - Soberana-02",,3.0,8429760.0,74.424
Curaçao,CUW,AMRO,REPORTING,2022-09-16,255346.0,108478.0,155.611,66.108,99831.0,60.838,"AstraZeneca - Vaxzevria,Moderna - Spikevax,Pfizer BioNTech - Comirnaty",2021-02-24,3.0,47037.0,28.665
Cyprus,CYP,EURO,REPORTING,2022-09-18,1818605.0,667024.0,204.8,75.115,655573.0,73.825,"AstraZeneca - Vaxzevria,Janssen - Ad26.COV 2-S,Moderna - Spikevax,Novavax-NUVAXOVID,Pfizer BioNTech - Comirnaty",2020-12-23,5.0,484683.0,54.581
Czechia,CZE,EURO,REPORTING,2022-09-18,17977765.0,6966172.0,168.1,65.141,6880723.0,64.342,"AstraZeneca - Vaxzevria,Janssen - Ad26.COV 2-S,Moderna - Spikevax,Novavax-NUVAXOVID,Pfizer BioNTech - Comirnaty",2020-12-23,5.0,4309156.0,40.295
Democratic Republic of the Congo,COD,AFRO,REPORTING,2022-10-02,5961143.0,5544728.0,6.656,6.191,3544139.0,3.957,SII - Covishield,2021-04-19,1.0,,
Denmark,DNK,EURO,REPORTING,2022-09-04,13198790.0,4816219.0,226.7,82.714,4778611.0,82.068,"AstraZeneca - Vaxzevria,Janssen - Ad26.COV 2-S,Moderna - Spikevax,Pfizer BioNTech - Comirnaty,Unknown Vaccine",2020-12-16,5.0,3650426.0,62.692
Djibouti,DJI,EMRO,REPORTING,2022-10-02,264130.0,243511.0,26.734,24.647,223144.0,22.585,"AstraZeneca - Vaxzevria,Beijing CNBG - BBIBP-CorV,Bharat - Covaxin,CanSino - Convidecia,Gamaleya - Gam-Covid-Vac,Gamaleya - Sputnik-Light,Janssen - Ad26.COV 2-S,Moderna - Spikevax,Pfizer BioNTech - Comirnaty,SII - Covishield,Sinovac - CoronaVac",2021-03-15,11.0,,
Dominica,DMA,AMRO,REPORTING,2022-09-16,67431.0,32872.0,93.666,45.661,30566.0,42.458,"AstraZeneca - Vaxzevria,Beijing CNBG - BBIBP-CorV,Moderna - Spikevax,Pfizer BioNTech - Comirnaty,SII - Covishield",2021-02-12,5.0,3993.0,5.547
Dominican Republic,DOM,AMRO,REPORTING,2022-09-16,15774482.0,7277678.0,145.415,67.088,6040747.0,55.686,"AstraZeneca - Vaxzevria,SII - Covishield,Sinovac - CoronaVac",2021-02-16,3.0,2456057.0,22.641
Ecuador,ECU,AMRO,REPORTING,2022-09-16,37723769.0,15258768.0,213.817,86.486,14119814.0,80.03,"AstraZeneca - Vaxzevria,CanSino - Convidecia,Pfizer BioNTech - Comirnaty,Sinovac - CoronaVac",2021-01-20,4.0,7092179.0,40.198
Egypt,EGY,EMRO,REPORTING,2022-09-29,98911424.0,52995443.0,96.655,51.787,39585392.0,38.682,"AstraZeneca - Vaxzevria,Beijing CNBG - BBIBP-CorV,Bharat - Covaxin,CanSino - Convidecia,Gamaleya - Gam-Covid-Vac,Gamaleya - Sputnik-Light,Janssen - Ad26.COV 2-S,Moderna - Spikevax,Pfizer BioNTech - Comirnaty,Sinovac - CoronaVac",2021-01-24,10.0,8906072.0,8.703
El Salvador,SLV,AMRO,REPORTING,2022-09-16,11090515.0,4612795.0,170.986,71.117,4316275.0,66.545,"AstraZeneca - Vaxzevria,Beijing CNBG - BBIBP-CorV,Moderna - Spikevax,Pfizer BioNTech - Comirnaty,SII - Covishield,Sinovac - CoronaVac",2021-02-17,6.0,1781722.0,27.469
Equatorial Guinea,GNQ,AFRO,REPORTING,2022-07-24,488738.0,270109.0,34.836,19.252,214032.0,15.255,"Beijing CNBG - BBIBP-CorV,Sinovac - CoronaVac",2021-02-12,2.0,4597.0,0.328
Eritrea,ERI,AFRO,REPORTING,2022-07-03,,0.0,,0.0,0.0,0.0,,,,,
Estonia,EST,EURO,REPORTING,2022-09-18,2129710.0,843782.0,160.3,63.491,834409.0,62.786,"AstraZeneca - Vaxzevria,Janssen - Ad26.COV 2-S,Moderna - Spikevax,Novavax-NUVAXOVID,Pfizer BioNTech - Comirnaty",2020-12-23,5.0,478650.0,36.016
Eswatini,SWZ,AFRO,REPORTING,2022-09-25,773579.0,492300.0,66.678,42.434,490673.0,42.293,"Janssen - Ad26.COV 2-S,Pfizer BioNTech - Comirnaty,SII - Covishield",2021-03-19,3.0,147518.0,12.715
Ethiopia,ETH,AFRO,REPORTING,2022-07-31,52509414.0,43111242.0,45.675,37.5,36707357.0,31.93,"Beijing CNBG - BBIBP-CorV,Bharat - Covaxin,Janssen - Ad26.COV 2-S,SII - Covishield",2021-03-13,4.0,2421781.0,2.107
Falkland Islands (Malvinas),FLK,AMRO,REPORTING,2022-06-21,9390.0,3220.0,269.595,92.449,2976.0,85.444,AstraZeneca - AZD1222,,1.0,2543.0,73.012
Faroe Islands,FRO,EURO,OWID,2022-02-18,103894.0,41715.0,212.614,85.368,40895.0,83.69,"Moderna - mRNA-1273, Pfizer BioNTech - Comirnaty",,2.0,21284.0,43.557
Fiji,FJI,WPRO,REPORTING,2022-09-08,1538912.0,709581.0,171.668,79.155,638187.0,71.191,"AstraZeneca - Vaxzevria,Moderna - Spikevax,SII - Covishield",2021-03-07,3.0,165236.0,18.432
Finland,FIN,EURO,REPORTING,2022-09-18,12847919.0,4541521.0,232.5,82.195,4356575.0,78.848,"AstraZeneca - Vaxzevria,Janssen - Ad26.COV 2-S,Moderna - Spikevax,Pfizer BioNTech - Comirnaty,Unknown Vaccine",2020-12-23,5.0,3047415.0,55.154
France,FRA,EURO,REPORTING,2022-09-18,153340653.0,54562129.0,227.8,81.049,53049459.0,78.802,"AstraZeneca - Vaxzevria,Janssen - Ad26.COV 2-S,Moderna - Spikevax,Novavax-NUVAXOVID,Pfizer BioNTech - Comirnaty,Unknown Vaccine",2020-12-30,6.0,40641235.0,60.37
French Guiana,GUF,AMRO,REPORTING,2022-09-16,236724.0,99479.0,79.256,33.306,90213.0,30.204,"Moderna - Spikevax,Pfizer BioNTech - Comirnaty",2021-01-13,2.0,45179.0,15.126
French Polynesia,PYF,WPRO,REPORTING,2022-07-31,460803.0,188245.0,164.041,67.013,183649.0,65.377,"Janssen - Ad26.COV 2-S,Pfizer BioNTech - Comirnaty",2021-01-18,2.0,88909.0,31.651
Gabon,GAB,AFRO,REPORTING,2022-09-18,569829.0,310579.0,25.602,13.954,257257.0,11.558,"Beijing CNBG - BBIBP-CorV,Gamaleya - Gam-Covid-Vac,Pfizer BioNTech - Comirnaty",2021-03-23,3.0,2581.0,0.116
Gambia,GMB,AFRO,REPORTING,2022-08-07,815861.0,452514.0,33.76,18.725,357390.0,14.789,"Beijing CNBG - BBIBP-CorV,SII - Covishield",2021-03-10,2.0,9007.0,0.373
Georgia,GEO,EURO,REPORTING,2022-09-18,2718171.0,1292672.0,68.1,32.404,1177900.0,29.527,"AstraZeneca - Vaxzevria,Beijing CNBG - BBIBP-CorV,Pfizer BioNTech - Comirnaty,Sinovac - CoronaVac",2021-03-17,4.0,247599.0,6.207
Germany,DEU,EURO,REPORTING,2022-09-18,185144577.0,64775678.0,222.6,77.887,64858691.0,77.986,"AstraZeneca - Vaxzevria,Janssen - Ad26.COV 2-S,Moderna - Spikevax,Novavax-NUVAXOVID,Pfizer BioNTech - Comirnaty,Unknown Vaccine",2020-12-23,6.0,51654561.0,62.11
Ghana,GHA,AFRO,REPORTING,2022-10-02,19694444.0,11585739.0,63.381,37.286,8493646.0,27.335,"Gamaleya - Gam-Covid-Vac,SII - Covishield",2021-03-02,2.0,2042654.0,6.574
Gibraltar,GIB,EURO,OWID,2022-04-21,119855.0,42074.0,355.748,124.882,41421.0,122.944,"AstraZeneca - AZD1222, Pfizer BioNTech - Comirnaty",,2.0,36360.0,107.922
Greece,GRC,EURO,REPORTING,2022-09-18,21448847.0,7909097.0,200.1,73.789,7732016.0,72.137,"AstraZeneca - Vaxzevria,Janssen - Ad26.COV 2-S,Moderna - Spikevax,Novavax-NUVAXOVID,Pfizer BioNTech - Comirnaty",2020-12-23,5.0,5860319.0,54.674
Greenland,GRL,EURO,OWID,2022-03-07,79745.0,41243.0,140.465,72.647,38502.0,67.819,Moderna - mRNA-1273,,1.0,,
Grenada,GRD,AMRO,REPORTING,2022-09-16,90138.0,44050.0,80.106,39.148,38836.0,34.514,"AstraZeneca - Vaxzevria,Janssen - Ad26.COV 2-S,Pfizer BioNTech - Comirnaty,SII - Covishield",2021-02-15,4.0,7252.0,6.445
Guadeloupe,GLP,AMRO,REPORTING,2022-09-16,385712.0,150077.0,96.398,37.508,144196.0,36.038,"AstraZeneca - Vaxzevria,Janssen - Ad26.COV 2-S,Moderna - Spikevax,Novavax-NUVAXOVID,Pfizer BioNTech - Comirnaty",2021-01-08,7.0,86650.0,21.656
Guam,GUM,WPRO,REPORTING,2022-08-23,368088.0,155225.0,218.094,91.972,141014.0,83.551,"Janssen - Ad26.COV 2-S,Moderna - Spikevax,Pfizer BioNTech - Comirnaty",2021-01-04,3.0,72131.0,42.738
Guatemala,GTM,AMRO,REPORTING,2022-09-16,19553871.0,8758252.0,109.145,48.886,6870081.0,38.347,"AstraZeneca - Vaxzevria,Gamaleya - Gam-Covid-Vac,Moderna - Spikevax,Pfizer BioNTech - Comirnaty,SII - Covishield",2021-02-25,5.0,3495539.0,19.511
Guernsey,GGY,EURO,OWID,2022-07-12,157708.0,,244.63,,,,"Moderna - mRNA-1273, AstraZeneca - AZD1222, Pfizer BioNTech - Comirnaty",,3.0,,
Guinea,GIN,AFRO,REPORTING,2022-10-02,7597562.0,5194582.0,57.852,39.554,2967223.0,22.594,"Beijing CNBG - BBIBP-CorV,Gamaleya - Gam-Covid-Vac,Janssen - Ad26.COV 2-S,Pfizer BioNTech - Comirnaty,SII - Covishield,Sinovac - CoronaVac",2021-03-05,6.0,193723.0,1.475
Guinea-Bissau,GNB,AFRO,REPORTING,2022-09-18,673091.0,640393.0,34.202,32.54,404228.0,20.54,"Beijing CNBG - BBIBP-CorV,SII - Covishield",2021-04-02,2.0,745.0,0.038
Guyana,GUY,AMRO,REPORTING,2022-09-16,939589.0,490230.0,119.457,62.326,376266.0,47.837,"AstraZeneca - Vaxzevria,Beijing CNBG - BBIBP-CorV,Gamaleya - Gam-Covid-Vac,Janssen - Ad26.COV 2-S,Moderna - Spikevax,Pfizer BioNTech - Comirnaty,SII - Covishield",2021-02-11,7.0,73093.0,9.293
Haiti,HTI,AMRO,REPORTING,2022-09-16,470964.0,361212.0,4.13,3.168,222303.0,1.95,"Janssen - Ad26.COV 2-S,Moderna - Spikevax",,2.0,,
Honduras,HND,AMRO,REPORTING,2022-09-16,15527895.0,6325371.0,156.774,63.863,5599626.0,56.536,"AstraZeneca - Vaxzevria,Gamaleya - Gam-Covid-Vac,Janssen - Ad26.COV 2-S,Moderna - Spikevax,Pfizer BioNTech - Comirnaty,SII - Covishield",2021-02-22,6.0,3603273.0,36.38
Hungary,HUN,EURO,REPORTING,2022-09-18,16469299.0,6353515.0,168.6,65.034,6146794.0,62.918,"AstraZeneca - Vaxzevria,Beijing CNBG - BBIBP-CorV,Gamaleya - Gam-Covid-Vac,Janssen - Ad26.COV 2-S,Moderna - Spikevax,Pfizer BioNTech - Comirnaty,Sinovac - CoronaVac",2020-12-23,7.0,3859059.0,39.501
Iceland,ISL,EURO,REPORTING,2022-08-28,828071.0,307001.0,227.4,84.31,297551.0,81.715,"AstraZeneca - Vaxzevria,Janssen - Ad26.COV 2-S,Moderna - Spikevax,Pfizer BioNTech - Comirnaty",2020-12-30,4.0,252270.0,69.279
India,IND,SEARO,REPORTING,2022-10-04,2188050600.0,1024856818.0,158.554,74.265,948796346.0,68.753,"Bharat - Covaxin,Biological E - Corbevax,Gamaleya - Gam-Covid-Vac,Janssen - Ad26.COV 2-S,Moderna - Spikevax,SII - Covishield,SII - Covovax,Zydus - ZyCov-D",2021-01-16,8.0,214397436.0,15.536
Indonesia,IDN,SEARO,REPORTING,2022-10-02,438360363.0,204187550.0,160.264,74.651,170774653.0,62.435,"AstraZeneca - Vaxzevria,Beijing CNBG - BBIBP-CorV,Janssen - Ad26.COV 2-S,Moderna - Spikevax,Novavax-NUVAXOVID,Pfizer BioNTech - Comirnaty,Sinovac - CoronaVac",2021-01-13,7.0,63398160.0,23.178
Iran (Islamic Republic of),IRN,EMRO,REPORTING,2022-09-29,154472443.0,65053044.0,183.911,77.451,58442592.0,69.58,"AstraZeneca - Vaxzevria,Beijing CNBG - BBIBP-CorV,Bharat - Covaxin,CanSino - Convidecia,Finlay - Soberana-02,Gamaleya - Gam-Covid-Vac,Gamaleya - Sputnik-Light,Janssen - Ad26.COV 2-S,Moderna - Spikevax,Pfizer BioNTech - Comirnaty,Shifa - COVIran Barakat,Sinovac - CoronaVac",2021-02-09,12.0,30976807.0,36.88
Iraq,IRQ,EMRO,REPORTING,2022-09-22,19264920.0,11163251.0,47.896,27.754,7852141.0,19.522,"AstraZeneca - Vaxzevria,Beijing CNBG - BBIBP-CorV,Bharat - Covaxin,CanSino - Convidecia,Gamaleya - Gam-Covid-Vac,Gamaleya - Sputnik-Light,Janssen - Ad26.COV 2-S,Moderna - Spikevax,Pfizer BioNTech - Comirnaty,Sinovac - CoronaVac",2021-03-02,10.0,249528.0,0.62
Ireland,IRL,EURO,REPORTING,2022-09-18,11615622.0,4039917.0,234.0,83.918,4004730.0,80.668,"AstraZeneca - Vaxzevria,Janssen - Ad26.COV 2-S,Moderna - Spikevax,Novavax-NUVAXOVID,Pfizer BioNTech - Comirnaty",2020-12-30,5.0,3009147.0,60.614
Isle of Man,IMN,EURO,OWID,2022-06-23,189994.0,69560.0,223.438,81.804,67106.0,78.919,"Moderna - mRNA-1273, AstraZeneca - AZD1222, Pfizer BioNTech - Comirnaty",,3.0,53328.0,62.715
Israel,ISR,EURO,REPORTING,2022-06-05,15026951.0,7055466.0,173.6,81.514,6385731.0,73.776,"AstraZeneca - Vaxzevria,Moderna - Spikevax,Pfizer BioNTech - Comirnaty",2020-12-16,3.0,1585754.0,18.321
Italy,ITA,EURO,REPORTING,2022-09-18,139417799.0,50431965.0,233.8,84.563,47506703.0,79.654,"AstraZeneca - Vaxzevria,Janssen - Ad26.COV 2-S,Moderna - Spikevax,Novavax-NUVAXOVID,Pfizer BioNTech - Comirnaty",2020-12-23,5.0,42958499.0,72.028
Jamaica,JAM,AMRO,REPORTING,2022-09-16,1487460.0,831009.0,50.232,28.064,729853.0,24.647,"AstraZeneca - Vaxzevria,Beijing CNBG - BBIBP-CorV,Janssen - Ad26.COV 2-S,Pfizer BioNTech - Comirnaty,SII - Covishield",2021-03-10,5.0,44458.0,1.501
Japan,JPN,WPRO,REPORTING,2022-09-16,321037169.0,104184141.0,253.832,82.374,102772415.0,81.258,"AstraZeneca - Vaxzevria,Moderna - Spikevax,Novavax-NUVAXOVID,Pfizer BioNTech - Comirnaty",2021-02-17,4.0,82001133.0,64.835
Jersey,JEY,EURO,OWID,2022-09-25,245039.0,84019.0,227.317,77.943,81421.0,75.532,"Moderna - mRNA-1273, AstraZeneca - AZD1222, Pfizer BioNTech - Comirnaty",,3.0,73330.0,68.027
Jordan,JOR,EMRO,REPORTING,2022-08-21,10057975.0,4821579.0,98.577,47.256,4558313.0,44.676,"AstraZeneca - Vaxzevria,Beijing CNBG - BBIBP-CorV,Bharat - Covaxin,CanSino - Convidecia,Gamaleya - Gam-Covid-Vac,Gamaleya - Sputnik-Light,Janssen - Ad26.COV 2-S,Moderna - Spikevax,Pfizer BioNTech - Comirnaty,Sinovac - CoronaVac",2021-01-13,10.0,682211.0,6.686
Kazakhstan,KAZ,EURO,REPORTING,2022-09-11,28534676.0,10962519.0,152.0,58.384,11555786.0,61.543,"Beijing CNBG - BBIBP-CorV,Gamaleya - Gam-Covid-Vac,Pfizer BioNTech - Comirnaty,RIBSP - QazVac,Sinovac - CoronaVac",2021-04-07,5.0,5210239.0,27.748
Kenya,KEN,AFRO,REPORTING,2022-09-25,21522783.0,13610115.0,40.027,25.311,10146842.0,18.87,"Beijing CNBG - BBIBP-CorV,Janssen - Ad26.COV 2-S,Moderna - Spikevax,Pfizer BioNTech - Comirnaty,SII - Covishield",2021-03-05,5.0,1568659.0,2.917
Kiribati,KIR,WPRO,REPORTING,2022-09-26,182923.0,93685.0,153.139,78.431,70464.0,58.991,"AstraZeneca - Vaxzevria,Beijing CNBG - BBIBP-CorV",2021-05-26,2.0,18774.0,15.717
Kosovo,XKX,EURO,REPORTING,2022-09-04,1835336.0,904135.0,102.2,50.351,824296.0,45.905,"AstraZeneca - Vaxzevria,Pfizer BioNTech - Comirnaty",2021-03-31,2.0,105178.0,5.857
Kuwait,KWT,EMRO,REPORTING,2022-10-04,8216506.0,3445426.0,192.398,80.678,3337702.0,78.156,"AstraZeneca - Vaxzevria,Beijing CNBG - BBIBP-CorV,Bharat - Covaxin,CanSino - Convidecia,Gamaleya - Gam-Covid-Vac,Gamaleya - Sputnik-Light,Janssen - Ad26.COV 2-S,Moderna - Spikevax,Pfizer BioNTech - Comirnaty,Sinovac - CoronaVac",2020-12-28,10.0,1433378.0,33.564
Kyrgyzstan,KGZ,EURO,REPORTING,2022-09-18,2970097.0,1465468.0,45.5,22.462,1296339.0,19.87,"AstraZeneca - Vaxzevria,Beijing CNBG - BBIBP-CorV,Gamaleya - Gam-Covid-Vac,Moderna - Spikevax,Pfizer BioNTech - Comirnaty,RIBSP - QazVac",2021-03-31,6.0,208290.0,3.193
Lao People's Democratic Republic,LAO,WPRO,REPORTING,2022-08-18,12121844.0,5901442.0,166.61,81.113,5238376.0,72.0,"AstraZeneca - Vaxzevria,Beijing CNBG - BBIBP-CorV,Gamaleya - Gam-Covid-Vac,Gamaleya - Sputnik-Light,Janssen - Ad26.COV 2-S,Pfizer BioNTech - Comirnaty,SII - Covishield,Sinovac - CoronaVac",2020-11-25,8.0,1795114.0,24.673
Latvia,LVA,EURO,REPORTING,2022-09-18,2847648.0,1303023.0,149.3,68.304,1271589.0,66.656,"AstraZeneca - Vaxzevria,Janssen - Ad26.COV 2-S,Moderna - Spikevax,Novavax-NUVAXOVID,Pfizer BioNTech - Comirnaty",2020-12-30,5.0,541299.0,28.375
Lebanon,LBN,EMRO,REPORTING,2022-10-03,5786146.0,2729651.0,84.773,39.992,2405353.0,35.241,"AstraZeneca - Vaxzevria,Beijing CNBG - BBIBP-CorV,Bharat - Covaxin,CanSino - Convidecia,Gamaleya - Gam-Covid-Vac,Gamaleya - Sputnik-Light,Janssen - Ad26.COV 2-S,Moderna - Spikevax,Pfizer BioNTech - Comirnaty,Sinovac - CoronaVac",2021-02-14,10.0,651142.0,9.54
Lesotho,LSO,AFRO,REPORTING,2022-08-14,1102069.0,1631364.0,51.444,76.152,872661.0,40.736,"Beijing CNBG - BBIBP-CorV,Janssen - Ad26.COV 2-S,SII - Covishield",2021-03-10,3.0,61789.0,2.884
Liberia,LBR,AFRO,REPORTING,2022-10-02,3912770.0,3634393.0,77.363,71.859,3232569.0,63.914,SII - Covishield,2021-04-01,1.0,1987.0,0.039
Libya,LBY,EMRO,REPORTING,2022-10-02,3716080.0,2308724.0,54.081,33.6,1229888.0,17.899,"AstraZeneca - Vaxzevria,Beijing CNBG - BBIBP-CorV,Bharat - Covaxin,CanSino - Convidecia,Gamaleya - Gam-Covid-Vac,Gamaleya - Sputnik-Light,Janssen - Ad26.COV 2-S,Moderna - Spikevax,Pfizer BioNTech - Comirnaty,Sinovac - CoronaVac",2021-04-11,10.0,177468.0,2.583
Liechtenstein,LIE,OTHER,REPORTING,2022-04-10,71104.0,26681.0,183.5,68.86,26346.0,67.995,"Janssen - Ad26.COV 2-S,Moderna - Spikevax,Pfizer BioNTech - Comirnaty",2021-01-06,3.0,18310.0,47.255
Lithuania,LTU,EURO,REPORTING,2022-09-18,4487030.0,1954306.0,160.6,70.098,1904554.0,68.164,"AstraZeneca - Vaxzevria,Janssen - Ad26.COV 2-S,Moderna - Spikevax,Pfizer BioNTech - Comirnaty,Unknown Vaccine",2020-12-23,5.0,896546.0,32.087
Luxembourg,LUX,EURO,REPORTING,2022-09-18,1310850.0,469350.0,209.4,74.963,462686.0,73.899,"AstraZeneca - Vaxzevria,Janssen - Ad26.COV 2-S,Moderna - Spikevax,Novavax-NUVAXOVID,Pfizer BioNTech - Comirnaty",2020-12-30,5.0,366860.0,58.594
Madagascar,MDG,AFRO,REPORTING,2022-10-02,1948290.0,1649391.0,7.036,5.956,1582691.0,5.716,"Beijing CNBG - BBIBP-CorV,Janssen - Ad26.COV 2-S,SII - Covishield",2021-05-10,3.0,238771.0,0.862
Malawi,MWI,AFRO,REPORTING,2022-09-25,4575245.0,3231900.0,23.917,16.894,2496426.0,13.05,"Janssen - Ad26.COV 2-S,SII - Covishield",2021-03-11,2.0,172419.0,0.901
Malaysia,MYS,WPRO,REPORTING,2022-09-24,72122596.0,28100697.0,222.834,86.822,27506906.0,84.987,"AstraZeneca - Vaxzevria,Beijing CNBG - BBIBP-CorV,CanSino - Convidecia,Gamaleya - Gam-Covid-Vac,Janssen - Ad26.COV 2-S,Moderna - Spikevax,Pfizer BioNTech - Comirnaty,Sinovac - CoronaVac",2021-02-24,8.0,16233512.0,50.156
Maldives,MDV,SEARO,REPORTING,2022-10-04,951066.0,399117.0,175.946,73.836,384986.0,71.222,"AstraZeneca - Vaxzevria,Beijing CNBG - BBIBP-CorV,Gamaleya - Gam-Covid-Vac,Janssen - Ad26.COV 2-S,Moderna - Spikevax,Pfizer BioNTech - Comirnaty,SII - Covishield,Sinovac - CoronaVac",2021-02-01,8.0,166963.0,30.888
Mali,MLI,AFRO,REPORTING,2022-10-02,3184973.0,2373752.0,15.728,11.722,1841252.0,9.092,SII - Covishield,2021-03-31,1.0,,
Malta,MLT,EURO,REPORTING,2022-09-18,1273308.0,450407.0,247.5,87.532,444782.0,86.439,"AstraZeneca - Vaxzevria,Janssen - Ad26.COV 2-S,Moderna - Spikevax,Pfizer BioNTech - Comirnaty",2020-12-23,4.0,351882.0,68.384
Marshall Islands,MHL,WPRO,REPORTING,2022-08-26,101728.0,43299.0,171.855,73.148,35343.0,59.707,"Janssen - Ad26.COV 2-S,Moderna - Spikevax,Pfizer BioNTech - Comirnaty",2020-12-29,3.0,18053.0,30.498
Martinique,MTQ,AMRO,REPORTING,2022-09-16,391311.0,149803.0,104.276,39.919,144597.0,38.532,Pfizer BioNTech - Comirnaty,,1.0,91508.0,24.385
Mauritania,MRT,AFRO,REPORTING,2022-09-25,3252274.0,2005923.0,69.947,43.141,1424532.0,30.637,"Beijing CNBG - BBIBP-CorV,SII - Covishield",2021-03-26,2.0,294569.0,6.335
Mauritius,MUS,AFRO,REPORTING,2022-09-25,2584578.0,1021934.0,203.227,80.355,977728.0,76.879,"Beijing CNBG - BBIBP-CorV,Bharat - Covaxin,SII - Covishield",2021-01-26,3.0,637295.0,50.111
Mexico,MEX,AMRO,REPORTING,2022-09-16,209673612.0,97018292.0,162.622,75.247,79947470.0,62.007,"AstraZeneca - Vaxzevria,CanSino - Convidecia,Gamaleya - Gam-Covid-Vac,Janssen - Ad26.COV 2-S,Moderna - Spikevax,Pfizer BioNTech - Comirnaty,Sinovac - CoronaVac",2020-12-24,7.0,57014052.0,44.22
Micronesia (Federated States of),FSM,WPRO,REPORTING,2022-08-20,170346.0,70204.0,148.097,61.035,66174.0,57.531,"AstraZeneca - Vaxzevria,Janssen - Ad26.COV 2-S,Moderna - Spikevax,Pfizer BioNTech - Comirnaty",2021-01-13,4.0,30537.0,26.549
Monaco,MCO,EURO,REPORTING,2022-01-02,58294.0,23460.0,148.5,59.78,23356.0,59.515,"AstraZeneca - Vaxzevria,Janssen - Ad26.COV 2-S,Moderna - Spikevax,Novavax - Covavax,Novavax-NUVAXOVID,Pfizer BioNTech - Comirnaty",2021-06-30,6.0,11478.0,29.248
Mongolia,MNG,WPRO,REPORTING,2022-09-16,5657340.0,2282141.0,172.57,69.614,2182631.0,66.578,"AstraZeneca - Vaxzevria,Beijing CNBG - BBIBP-CorV,Gamaleya - Gam-Covid-Vac,Moderna - Spikevax,Pfizer BioNTech - Comirnaty,SII - Covishield",2021-02-23,6.0,1054108.0,32.154
Montenegro,MNE,EURO,REPORTING,2022-09-11,526467.0,272415.0,83.8,43.806,254052.0,40.853,"AstraZeneca - Vaxzevria,Beijing CNBG - BBIBP-CorV,Gamaleya - Gam-Covid-Vac,Pfizer BioNTech - Comirnaty,Unknown Vaccine",2021-02-24,5.0,0.0,0.0
Montserrat,MSR,AMRO,REPORTING,2022-09-16,4544.0,2099.0,90.898,41.988,1935.0,38.708,AstraZeneca - Vaxzevria,2021-02-08,1.0,510.0,10.202
Morocco,MAR,EMRO,REPORTING,2022-10-04,55281707.0,25004780.0,149.772,67.744,23501436.0,63.671,"AstraZeneca - Vaxzevria,Beijing CNBG - BBIBP-CorV,Bharat - Covaxin,CanSino - Convidecia,Gamaleya - Gam-Covid-Vac,Gamaleya - Sputnik-Light,Janssen - Ad26.COV 2-S,Moderna - Spikevax,Pfizer BioNTech - Comirnaty,Sinovac - CoronaVac",2021-01-28,10.0,6873204.0,18.621
Mozambique,MOZ,AFRO,REPORTING,2022-09-18,19127825.0,13465329.0,61.198,43.082,12861896.0,41.151,"Beijing CNBG - BBIBP-CorV,Janssen - Ad26.COV 2-S,SII - Covishield",2021-03-08,3.0,612442.0,1.959
Myanmar,MMR,SEARO,REPORTING,2022-06-18,64549994.0,34777314.0,118.637,63.917,27545329.0,50.626,"Beijing CNBG - BBIBP-CorV,SII - Covishield",2021-01-27,2.0,2227351.0,4.094
Namibia,NAM,AFRO,REPORTING,2022-10-02,957232.0,592708.0,37.673,23.327,515631.0,20.293,"Beijing CNBG - BBIBP-CorV,Janssen - Ad26.COV 2-S,Pfizer BioNTech - Comirnaty,SII - Covishield",2021-03-19,4.0,159381.0,6.273
Nauru,NRU,WPRO,REPORTING,2022-03-31,22976.0,9464.0,212.073,87.355,8585.0,79.241,"AstraZeneca - Vaxzevria,SII - Covishield",2021-04-09,2.0,4927.0,45.477
Nepal,NPL,SEARO,REPORTING,2022-09-28,58094360.0,27189865.0,199.385,93.318,22667676.0,77.797,"AstraZeneca - Vaxzevria,Beijing CNBG - BBIBP-CorV,Bharat - Covaxin,Gamaleya - Gam-Covid-Vac,Janssen - Ad26.COV 2-S,Moderna - Spikevax,Pfizer BioNTech - Comirnaty,SII - Covishield",2021-01-27,8.0,8236819.0,28.269
Netherlands,NLD,EURO,REPORTING,2022-09-11,36105753.0,12776868.0,207.4,73.398,11957152.0,68.689,"AstraZeneca - Vaxzevria,Janssen - Ad26.COV 2-S,Moderna - Spikevax,Novavax-NUVAXOVID,Pfizer BioNTech - Comirnaty,Unknown Vaccine",2021-01-06,6.0,9417108.0,54.098
New Caledonia,NCL,WPRO,REPORTING,2022-08-29,465964.0,188411.0,163.211,65.994,184459.0,64.61,"Janssen - Ad26.COV 2-S,Pfizer BioNTech - Comirnaty",2021-01-20,2.0,93094.0,32.608
New Zealand,NZL,WPRO,REPORTING,2022-09-16,11746117.0,4257650.0,243.583,88.292,4096019.0,84.94,"AstraZeneca - Vaxzevria,Janssen - Ad26.COV 2-S,Novavax-NUVAXOVID,Pfizer BioNTech - Comirnaty",2021-02-19,4.0,2707163.0,56.139
Nicaragua,NIC,AMRO,REPORTING,2022-09-16,11780033.0,6060697.0,177.824,91.488,5719336.0,86.335,"AstraZeneca - Vaxzevria,CIGB - CIGB-66,Finlay - Soberana Plus,Finlay - Soberana-02,Gamaleya - Gam-Covid-Vac,Gamaleya - Sputnik-Light,Janssen - Ad26.COV 2-S,Pfizer BioNTech - Comirnaty,SII - Covishield",2021-03-03,9.0,,
Niger,NER,AFRO,REPORTING,2022-10-02,4534315.0,3740079.0,18.732,15.451,2980972.0,12.315,"Beijing CNBG - BBIBP-CorV,SII - Covishield",2021-03-29,2.0,,
Nigeria,NGA,AFRO,REPORTING,2022-09-25,73714289.0,49076780.0,35.759,23.808,36133196.0,17.529,SII - Covishield,2021-03-05,1.0,3911078.0,1.897
Niue,NIU,WPRO,REPORTING,2022-08-02,4180.0,1650.0,258.344,101.978,1436.0,88.752,Pfizer BioNTech - Comirnaty,2021-06-08,1.0,1094.0,67.614
North Macedonia,MKD,EURO,REPORTING,2022-09-11,1861305.0,854279.0,89.3,41.145,837818.0,40.352,"AstraZeneca - Vaxzevria,Beijing CNBG - BBIBP-CorV,Gamaleya - Gam-Covid-Vac,Moderna - Spikevax,Pfizer BioNTech - Comirnaty,Sinovac - CoronaVac,Wuhan CNBG - Inactivated",2021-02-17,7.0,161107.0,7.759
Northern Mariana Islands (Commonwealth of the),MNP,WPRO,REPORTING,2022-05-27,110882.0,44814.0,192.647,77.86,43944.0,76.349,"Janssen - Ad26.COV 2-S,Moderna - Spikevax,Pfizer BioNTech - Comirnaty",2020-12-19,3.0,23286.0,40.457
Norway,NOR,EURO,REPORTING,2022-09-18,11384475.0,4343603.0,212.1,80.923,4057693.0,75.596,"AstraZeneca - Vaxzevria,Janssen - Ad26.COV 2-S,Moderna - Spikevax,Pfizer BioNTech - Comirnaty",2020-12-23,4.0,2990267.0,55.71
occupied Palestinian territory,PSE,EMRO,REPORTING,2022-08-09,3741181.0,2010433.0,73.336,39.409,1774298.0,34.781,"AstraZeneca - Vaxzevria,Beijing CNBG - BBIBP-CorV,Bharat - Covaxin,CanSino - Convidecia,Gamaleya - Gam-Covid-Vac,Gamaleya - Sputnik-Light,Janssen - Ad26.COV 2-S,Moderna - Spikevax,Pfizer BioNTech - Comirnaty,Sinovac - CoronaVac",2021-02-02,10.0,334586.0,6.559
Oman,OMN,EMRO,REPORTING,2022-09-27,7108547.0,3279632.0,139.202,64.223,3047955.0,59.686,"AstraZeneca - Vaxzevria,Beijing CNBG - BBIBP-CorV,Bharat - Covaxin,CanSino - Convidecia,Gamaleya - Gam-Covid-Vac,Gamaleya - Sputnik-Light,Janssen - Ad26.COV 2-S,Moderna - Spikevax,Pfizer BioNTech - Comirnaty,SII - Covishield,Sinovac - CoronaVac",2020-12-29,11.0,780960.0,15.293
Pakistan,PAK,EMRO,REPORTING,2022-09-25,310629295.0,153628995.0,140.625,69.549,131226523.0,59.407,"AstraZeneca - Vaxzevria,Beijing CNBG - BBIBP-CorV,Bharat - Covaxin,CanSino - Convidecia,Gamaleya - Gam-Covid-Vac,Gamaleya - Sputnik-Light,Janssen - Ad26.COV 2-S,Moderna - Spikevax,Pfizer BioNTech - Comirnaty,SII - Covishield,Sinovac - CoronaVac",2021-02-03,11.0,43603347.0,19.74
Palau,PLW,WPRO,REPORTING,2022-09-06,50160.0,20094.0,277.25,111.066,18403.0,101.719,"Janssen - Ad26.COV 2-S,Moderna - Spikevax,Pfizer BioNTech - Comirnaty",2021-01-03,3.0,12856.0,71.059
Panama,PAN,AMRO,REPORTING,2022-09-16,8596144.0,3500120.0,199.226,81.12,3147019.0,72.936,"AstraZeneca - Vaxzevria,Pfizer BioNTech - Comirnaty",2021-01-20,2.0,1718245.0,39.822
Papua New Guinea,PNG,WPRO,REPORTING,2022-09-25,486286.0,353277.0,5.435,3.949,293579.0,3.281,"AstraZeneca - Vaxzevria,Beijing CNBG - BBIBP-CorV,Janssen - Ad26.COV 2-S,SII - Covishield",2021-03-30,4.0,27110.0,0.303
Paraguay,PRY,AMRO,REPORTING,2022-09-16,9364504.0,3960665.0,131.293,55.53,3508475.0,49.19,"AstraZeneca - Vaxzevria,Beijing CNBG - BBIBP-CorV,Bharat - Covaxin,Gamaleya - Gam-Covid-Vac,Julphar - Hayat-Vax,Moderna - Spikevax,Pfizer BioNTech - Comirnaty,Sinovac - CoronaVac",2021-02-22,8.0,1599164.0,22.421
Peru,PER,AMRO,REPORTING,2022-09-16,83792729.0,29852057.0,254.134,90.538,28181183.0,85.47,"AstraZeneca - Vaxzevria,Beijing CNBG - BBIBP-CorV,Moderna - Spikevax,Pfizer BioNTech - Comirnaty",2021-02-09,4.0,20930871.0,63.481
Philippines,PHL,WPRO,REPORTING,2022-09-22,164981870.0,77569580.0,150.557,70.787,72976259.0,66.596,"AstraZeneca - Vaxzevria,Beijing CNBG - BBIBP-CorV,Bharat - Covaxin,Gamaleya - Gam-Covid-Vac,Gamaleya - Sputnik-Light,Janssen - Ad26.COV 2-S,Julphar - Hayat-Vax,Moderna - Spikevax,Novavax-NUVAXOVID,Pfizer BioNTech - Comirnaty,Sinovac - CoronaVac",2021-03-01,11.0,19110988.0,17.44
Pitcairn Islands,PCN,WPRO,REPORTING,2022-02-28,138.0,55.0,276.0,110.0,37.0,74.0,AstraZeneca - Vaxzevria,2021-05-17,1.0,23.0,46.0
Poland,POL,EURO,REPORTING,2022-09-18,54976906.0,22876056.0,144.8,60.267,22579467.0,59.485,"AstraZeneca - Vaxzevria,Janssen - Ad26.COV 2-S,Moderna - Spikevax,Novavax-NUVAXOVID,Pfizer BioNTech - Comirnaty",2020-12-23,5.0,12354319.0,32.547
Portugal,PRT,EURO,REPORTING,2022-09-18,25139837.0,9754789.0,244.2,97.007,8918454.0,86.621,"AstraZeneca - Vaxzevria,Beijing CNBG - BBIBP-CorV,Bharat - Covaxin,Janssen - Ad26.COV 2-S,Moderna - Spikevax,Novavax-NUVAXOVID,Pfizer BioNTech - Comirnaty,Sinovac - CoronaVac",2020-12-23,8.0,6902946.0,67.046
Puerto Rico,PRI,AMRO,REPORTING,2022-09-16,7587081.0,3107744.0,265.203,108.63,2710134.0,94.732,"Janssen - Ad26.COV 2-S,Moderna - Spikevax,Novavax-NUVAXOVID,Pfizer BioNTech - Comirnaty",,4.0,1665209.0,58.207
Qatar,QAT,EMRO,REPORTING,2022-10-03,7509528.0,2813590.0,260.652,97.658,2813590.0,97.658,"AstraZeneca - Vaxzevria,Beijing CNBG - BBIBP-CorV,Bharat - Covaxin,CanSino - Convidecia,Gamaleya - Gam-Covid-Vac,Gamaleya - Sputnik-Light,Janssen - Ad26.COV 2-S,Moderna - Spikevax,Pfizer BioNTech - Comirnaty,Sinovac - CoronaVac",,10.0,1882348.0,65.335
Republic of Korea,KOR,WPRO,REPORTING,2022-09-16,130693258.0,45109586.0,254.916,87.986,44672314.0,87.133,"AstraZeneca - Vaxzevria,Janssen - Ad26.COV 2-S,Moderna - Spikevax,Novavax-NUVAXOVID,Pfizer BioNTech - Comirnaty",2021-02-26,5.0,33579314.0,65.496
Republic of Moldova,MDA,EURO,REPORTING,2022-09-18,2241785.0,1101302.0,55.6,27.301,1071341.0,26.558,"AstraZeneca - Vaxzevria,Beijing CNBG - BBIBP-CorV,Gamaleya - Gam-Covid-Vac,Janssen - Ad26.COV 2-S,Moderna - Spikevax,Pfizer BioNTech - Comirnaty,Sinovac - CoronaVac",2021-03-03,7.0,370563.0,9.186
Romania,ROU,EURO,REPORTING,2022-09-18,16079395.0,8182350.0,83.2,42.332,8134941.0,42.087,"AstraZeneca - Vaxzevria,Janssen - Ad26.COV 2-S,Moderna - Spikevax,Pfizer BioNTech - Comirnaty",2021-01-27,4.0,1760526.0,9.108
Russian Federation,RUS,EURO,OWID,2022-10-03,175974391.0,84218429.0,120.6,57.71,76640472.0,52.517,"SRCVB - EpiVacCorona, Gamaleya - Sputnik V",,2.0,,
Rwanda,RWA,AFRO,REPORTING,2022-09-25,26106436.0,9174616.0,201.56,70.834,8945720.0,69.067,"Beijing CNBG - BBIBP-CorV,Gamaleya - Gam-Covid-Vac,Janssen - Ad26.COV 2-S,Moderna - Spikevax,Pfizer BioNTech - Comirnaty,SII - Covishield,Sinovac - CoronaVac",2021-03-05,7.0,5562376.0,42.945
Saba,XCA,AMRO,REPORTING,2022-09-16,4471.0,1687.0,231.298,87.274,1657.0,85.722,,,,1127.0,58.303
Saint Helena,SHN,AFRO,OWID,2021-05-05,7892.0,4361.0,129.995,71.833,3531.0,58.162,AstraZeneca - AZD1222,,1.0,,
Saint Kitts and Nevis,KNA,AMRO,REPORTING,2022-09-16,64225.0,33794.0,120.742,63.532,26944.0,50.654,"AstraZeneca - Vaxzevria,Pfizer BioNTech - Comirnaty,SII - Covishield",2021-02-22,3.0,3465.0,6.514
Saint Lucia,LCA,AMRO,REPORTING,2022-09-16,122552.0,59973.0,66.74,32.66,54780.0,29.832,"AstraZeneca - Vaxzevria,Janssen - Ad26.COV 2-S,Moderna - Spikevax,Pfizer BioNTech - Comirnaty,SII - Covishield",2021-02-17,5.0,7799.0,4.247
Saint Vincent and the Grenadines,VCT,AMRO,REPORTING,2022-09-16,72687.0,37220.0,65.519,33.55,31319.0,28.231,"AstraZeneca - Vaxzevria,Gamaleya - Gam-Covid-Vac,Gamaleya - Sputnik-Light,Pfizer BioNTech - Comirnaty,SII - Covishield",2021-02-01,5.0,4148.0,3.739
Samoa,WSM,WPRO,REPORTING,2022-09-12,510313.0,230407.0,257.196,116.124,211455.0,106.573,"AstraZeneca - Vaxzevria,Pfizer BioNTech - Comirnaty",2021-04-18,2.0,68451.0,34.499
San Marino,SMR,EURO,REPORTING,2022-05-22,69338.0,26357.0,204.3,76.501,23633.0,68.595,"Gamaleya - Gam-Covid-Vac,Pfizer BioNTech - Comirnaty",2021-02-24,2.0,19348.0,56.158
Sao Tome and Principe,STP,AFRO,REPORTING,2022-09-18,227479.0,127366.0,103.796,58.116,103349.0,47.157,"AstraZeneca - Vaxzevria,SII - Covishield",2021-03-15,2.0,32393.0,14.781
Saudi Arabia,SAU,EMRO,REPORTING,2022-09-27,67839503.0,26892699.0,194.863,77.247,25290533.0,72.645,"AstraZeneca - Vaxzevria,Beijing CNBG - BBIBP-CorV,Bharat - Covaxin,CanSino - Convidecia,Gamaleya - Gam-Covid-Vac,Gamaleya - Sputnik-Light,Janssen - Ad26.COV 2-S,Moderna - Spikevax,Pfizer BioNTech - Comirnaty,Sinovac - CoronaVac",2021-01-06,10.0,15656271.0,44.971
Senegal,SEN,AFRO,REPORTING,2022-10-02,2469499.0,1563871.0,14.749,9.34,1150222.0,6.869,"Beijing CNBG - BBIBP-CorV,Janssen - Ad26.COV 2-S,SII - Covishield",2021-02-23,3.0,499879.0,2.985
Serbia,SRB,EURO,REPORTING,2022-06-12,6708547.0,3391961.0,96.9,48.969,3316586.0,47.881,"AstraZeneca - Vaxzevria,Beijing CNBG - BBIBP-CorV,Gamaleya - Gam-Covid-Vac,Moderna - Spikevax,Pfizer BioNTech - Comirnaty",2020-12-23,5.0,0.0,0.0
Seychelles,SYC,AFRO,REPORTING,2022-09-25,215396.0,85492.0,219.016,86.929,81295.0,82.661,"Beijing CNBG - BBIBP-CorV,Gamaleya - Gam-Covid-Vac,Julphar - Hayat-Vax,SII - Covishield",2021-01-10,4.0,42875.0,43.596
Sierra Leone,SLE,AFRO,REPORTING,2022-10-02,4334743.0,3179330.0,54.341,39.856,2467557.0,30.933,"Beijing CNBG - BBIBP-CorV,SII - Covishield",2021-03-15,2.0,,
Singapore,SGP,WPRO,REPORTING,2022-09-12,14326294.0,5024384.0,244.88,85.882,5004693.0,85.545,"AstraZeneca - Vaxzevria,Beijing CNBG - BBIBP-CorV,Moderna - Spikevax,Pfizer BioNTech - Comirnaty",2020-12-30,4.0,4297217.0,73.452
Sint Eustatius,XBA,AMRO,REPORTING,2022-09-16,4257.0,1791.0,135.616,57.056,1686.0,53.711,,,,780.0,24.849
Sint Maarten,SXM,AMRO,REPORTING,2022-09-16,65095.0,29788.0,151.8,69.465,26286.0,61.298,"AstraZeneca - Vaxzevria,Moderna - Spikevax,Pfizer BioNTech - Comirnaty",2021-02-22,3.0,9021.0,21.037
Slovakia,SVK,EURO,REPORTING,2022-09-18,7153405.0,2838382.0,131.1,52.005,2789786.0,51.115,"AstraZeneca - Vaxzevria,Gamaleya - Gam-Covid-Vac,Janssen - Ad26.COV 2-S,Moderna - Spikevax,Novavax-NUVAXOVID,Pfizer BioNTech - Comirnaty",2021-01-06,6.0,1681422.0,30.807
Slovenia,SVN,EURO,REPORTING,2022-09-18,2967870.0,1233944.0,141.6,58.875,1203376.0,57.417,"AstraZeneca - Vaxzevria,Janssen - Ad26.COV 2-S,Moderna - Spikevax,Novavax-NUVAXOVID,Pfizer BioNTech - Comirnaty",2020-12-23,5.0,652670.0,31.141
Solomon Islands,SLB,WPRO,REPORTING,2022-09-18,530429.0,311774.0,77.223,45.39,207988.0,30.28,"AstraZeneca - Vaxzevria,Beijing CNBG - BBIBP-CorV,Pfizer BioNTech - Comirnaty,SII - Covishield",2021-03-23,4.0,12745.0,1.855
Somalia,SOM,EMRO,REPORTING,2022-10-02,6216282.0,5221066.0,39.113,32.851,4020431.0,25.297,"AstraZeneca - Vaxzevria,Beijing CNBG - BBIBP-CorV,Bharat - Covaxin,CanSino - Convidecia,Gamaleya - Gam-Covid-Vac,Gamaleya - Sputnik-Light,Janssen - Ad26.COV 2-S,Moderna - Spikevax,Pfizer BioNTech - Comirnaty,SII - Covishield,Sinovac - CoronaVac",2021-03-16,11.0,,
South Africa,ZAF,AFRO,REPORTING,2022-10-02,37641904.0,23738922.0,63.468,40.026,20809146.0,35.086,"Janssen - Ad26.COV 2-S,Pfizer BioNTech - Comirnaty",2021-02-17,2.0,3738814.0,6.304
South Sudan,SSD,AFRO,REPORTING,2022-09-25,2119583.0,2069293.0,18.935,18.486,2027314.0,18.111,"Janssen - Ad26.COV 2-S,SII - Covishield",2021-04-06,2.0,,
Spain,ESP,EURO,REPORTING,2022-09-18,102999225.0,41279842.0,217.6,87.212,37481692.0,79.188,"AstraZeneca - Vaxzevria,Janssen - Ad26.COV 2-S,Moderna - Spikevax,Pfizer BioNTech - Comirnaty",2020-12-30,4.0,25961410.0,54.849
Sri Lanka,LKA,SEARO,REPORTING,2022-10-04,40004167.0,17131785.0,186.82,80.006,14692135.0,68.612,"AstraZeneca - Vaxzevria,Beijing CNBG - BBIBP-CorV,Gamaleya - Gam-Covid-Vac,Moderna - Spikevax,Pfizer BioNTech - Comirnaty,SII - Covishield",2021-01-29,6.0,8180247.0,38.202
Sudan,SDN,EMRO,REPORTING,2022-05-30,8179010.0,6651268.0,18.653,15.168,4536964.0,10.347,"AstraZeneca - Vaxzevria,Beijing CNBG - BBIBP-CorV,Bharat - Covaxin,CanSino - Convidecia,Gamaleya - Gam-Covid-Vac,Gamaleya - Sputnik-Light,Janssen - Ad26.COV 2-S,Moderna - Spikevax,Pfizer BioNTech - Comirnaty,SII - Covishield,Sinovac - CoronaVac",2021-03-09,11.0,50234.0,0.115
Suriname,SUR,AMRO,REPORTING,2022-09-16,554588.0,267820.0,94.538,45.654,237879.0,40.55,"AstraZeneca - Vaxzevria,Beijing CNBG - BBIBP-CorV,Moderna - Spikevax,Pfizer BioNTech - Comirnaty,SII - Covishield",2021-02-23,5.0,48889.0,8.334
Sweden,SWE,EURO,REPORTING,2022-09-18,22293692.0,7501635.0,215.9,72.637,7363694.0,71.301,"AstraZeneca - Vaxzevria,Moderna - Spikevax,Novavax-NUVAXOVID,Pfizer BioNTech - Comirnaty,Unknown Vaccine",2020-12-23,5.0,5500623.0,53.261
Switzerland,CHE,EURO,REPORTING,2022-09-18,15824257.0,6092712.0,182.8,70.796,5717193.0,66.432,"Janssen - Ad26.COV 2-S,Moderna - Spikevax,Novavax-NUVAXOVID,Pfizer BioNTech - Comirnaty",2020-12-23,4.0,4074010.0,47.339
Syrian Arab Republic,SYR,EMRO,REPORTING,2022-09-22,4709714.0,3015708.0,26.912,17.232,2088765.0,11.935,"AstraZeneca - Vaxzevria,Beijing CNBG - BBIBP-CorV,Bharat - Covaxin,CanSino - Convidecia,Gamaleya - Gam-Covid-Vac,Gamaleya - Sputnik-Light,Janssen - Ad26.COV 2-S,Moderna - Spikevax,Pfizer BioNTech - Comirnaty,SII - Covishield,Sinovac - CoronaVac",2021-04-01,11.0,59499.0,0.34
Tajikistan,TJK,EURO,REPORTING,2022-08-21,15441380.0,5282863.0,161.9,55.39,5120562.0,53.688,"AstraZeneca - Vaxzevria,Gamaleya - Gam-Covid-Vac,Moderna - Spikevax,Pfizer BioNTech - Comirnaty,SII - Covishield,Sinovac - CoronaVac",2021-03-24,6.0,4951036.0,51.91
Thailand,THA,SEARO,REPORTING,2022-09-30,142635014.0,57005497.0,204.348,81.67,53486086.0,76.628,"AstraZeneca - Vaxzevria,Beijing CNBG - BBIBP-CorV,Janssen - Ad26.COV 2-S,Moderna - Spikevax,Pfizer BioNTech - Comirnaty,SII - Covishield,SII - Covovax,Sinovac - CoronaVac",2021-02-28,8.0,32143431.0,46.051
The United Kingdom,GBR,EURO,REPORTING,2022-09-04,151248820.0,53806963.0,222.8,79.058,50745901.0,74.561,"AstraZeneca - Vaxzevria,Moderna - Spikevax,Pfizer BioNTech - Comirnaty",2020-12-21,3.0,,
Timor-Leste,TLS,SEARO,REPORTING,2022-10-04,1830966.0,855487.0,138.873,64.886,752241.0,57.055,"AstraZeneca - Vaxzevria,Pfizer BioNTech - Comirnaty,SII - Covishield,Sinovac - CoronaVac",2021-04-07,4.0,223238.0,16.932
Togo,TGO,AFRO,REPORTING,2022-10-02,3294374.0,2168702.0,39.793,26.196,1439983.0,17.394,SII - Covishield,2021-03-10,1.0,134767.0,1.628
Tokelau,TKL,WPRO,REPORTING,2022-04-21,3326.0,1339.0,246.37,99.185,1125.0,83.333,Pfizer BioNTech - Comirnaty,2021-07-20,1.0,862.0,63.852
Tonga,TON,WPRO,REPORTING,2022-08-17,201685.0,87080.0,190.818,82.388,76604.0,72.476,"AstraZeneca - Vaxzevria,Pfizer BioNTech - Comirnaty",2021-04-14,2.0,37475.0,35.456
Trinidad and Tobago,TTO,AMRO,REPORTING,2022-09-16,1580605.0,753467.0,112.942,53.839,716762.0,51.216,"AstraZeneca - Vaxzevria,Beijing CNBG - BBIBP-CorV,Janssen - Ad26.COV 2-S,Pfizer BioNTech - Comirnaty,SII - Covishield",2021-02-17,5.0,168540.0,12.043
Tunisia,TUN,EMRO,REPORTING,2022-10-04,13147985.0,7208580.0,111.248,60.993,6383742.0,54.014,"AstraZeneca - Vaxzevria,Beijing CNBG - BBIBP-CorV,Bharat - Covaxin,CanSino - Convidecia,Gamaleya - Gam-Covid-Vac,Gamaleya - Sputnik-Light,Janssen - Ad26.COV 2-S,Moderna - Spikevax,Pfizer BioNTech - Comirnaty,Sinovac - CoronaVac",2021-03-13,10.0,1246841.0,10.55
Turkey,TUR,EURO,OWID,2022-10-03,152209055.0,57923650.0,180.5,69.657,53156652.0,63.925,"Pfizer BioNTech - Comirnaty, Sinovac - CoronaVac, Turkovac",,3.0,,
Turkmenistan,TKM,EURO,REPORTING,2022-09-04,20654000.0,6698000.0,342.5,111.056,6609000.0,109.58,"Anhui ZL - Zifivax,AstraZeneca - Vaxzevria,Beijing CNBG - BBIBP-CorV,Gamaleya - Gam-Covid-Vac,RIBSP - QazVac,SRCVB - EpiVacCorona,Unknown Vaccine",2021-02-24,7.0,4590000.0,76.104
Turks and Caicos Islands,TCA,AMRO,REPORTING,2022-09-16,72837.0,32338.0,188.122,83.522,30288.0,78.227,Pfizer BioNTech - Comirnaty,2021-01-11,1.0,7272.0,18.782
Tuvalu,TUV,WPRO,REPORTING,2022-07-21,23746.0,9452.0,201.374,80.156,9015.0,76.45,AstraZeneca - Vaxzevria,2021-04-13,1.0,5279.0,44.768
Uganda,UGA,AFRO,REPORTING,2022-09-25,25400085.0,18582783.0,55.53,40.626,12704592.0,27.775,"Janssen - Ad26.COV 2-S,Moderna - Spikevax,Pfizer BioNTech - Comirnaty,SII - Covishield,Sinovac - CoronaVac",2021-03-10,5.0,431349.0,0.943
Ukraine,UKR,EURO,REPORTING,2022-02-27,31668577.0,15774300.0,72.4,36.069,15153577.0,34.65,"AstraZeneca - Vaxzevria,Janssen - Ad26.COV 2-S,Moderna - Spikevax,Pfizer BioNTech - Comirnaty,SII - Covishield,Sinovac - CoronaVac",2021-02-24,6.0,741197.0,1.695
United Arab Emirates,ARE,EMRO,REPORTING,2022-07-06,24922054.0,9991089.0,251.982,101.018,9792266.0,99.008,"AstraZeneca - Vaxzevria,Beijing CNBG - BBIBP-CorV,Bharat - Covaxin,CanSino - Convidecia,Gamaleya - Gam-Covid-Vac,Gamaleya - Sputnik-Light,Janssen - Ad26.COV 2-S,Moderna - Spikevax,Pfizer BioNTech - Comirnaty,SII - Covishield,Sinovac - CoronaVac",,11.0,5138699.0,51.956
United Republic of Tanzania,TZA,AFRO,REPORTING,2022-09-25,26202010.0,21798918.0,43.864,36.493,19944580.0,33.389,"Beijing CNBG - BBIBP-CorV,Janssen - Ad26.COV 2-S,Pfizer BioNTech - Comirnaty",2021-07-28,3.0,,
United States of America,USA,AMRO,REPORTING,2022-09-16,604511670.0,268373101.0,182.63,81.079,221927916.0,67.047,"Janssen - Ad26.COV 2-S,Moderna - Spikevax,Novavax-NUVAXOVID,Pfizer BioNTech - Comirnaty",2020-12-14,4.0,107488102.0,32.473
Uruguay,URY,AMRO,REPORTING,2022-09-16,8734752.0,3001089.0,251.452,86.394,2892853.0,83.278,"AstraZeneca - Vaxzevria,Pfizer BioNTech - Comirnaty,Sinovac - CoronaVac",2021-02-27,3.0,2062808.0,59.383
Uzbekistan,UZB,EURO,REPORTING,2022-09-04,65334146.0,21051293.0,195.2,62.898,16495460.0,49.285,"Anhui ZL - Zifivax,Gamaleya - Gam-Covid-Vac,Gamaleya - Sputnik-Light,Moderna - Spikevax,Pfizer BioNTech - Comirnaty,SII - Covishield,Sinovac - CoronaVac,Unknown Vaccine",2021-04-28,8.0,13316693.0,39.788
Vanuatu,VUT,WPRO,REPORTING,2022-06-19,260304.0,143339.0,84.75,46.668,130607.0,42.523,"AstraZeneca - Vaxzevria,Beijing CNBG - BBIBP-CorV,Janssen - Ad26.COV 2-S",2021-06-02,3.0,15966.0,5.198
Venezuela (Bolivarian Republic of),VEN,AMRO,REPORTING,2022-09-16,37860994.0,22157232.0,133.145,77.92,14287370.0,50.244,"Beijing CNBG - BBIBP-CorV,CIGB - CIGB-66,Finlay - Soberana-02,Gamaleya - Gam-Covid-Vac,Gamaleya - Sputnik-Light,Sinovac - CoronaVac",2021-02-22,6.0,651502.0,2.291
Viet Nam,VNM,WPRO,REPORTING,2022-09-22,259794452.0,89975153.0,266.898,92.435,84234230.0,86.537,"AstraZeneca - Vaxzevria,Beijing CNBG - BBIBP-CorV,CIGB - CIGB-66,Gamaleya - Gam-Covid-Vac,Moderna - Spikevax,Pfizer BioNTech - Comirnaty",2021-03-08,6.0,55718009.0,57.241
Wallis and Futuna,WLF,WPRO,REPORTING,2022-07-26,16782.0,6592.0,149.226,58.616,6989.0,62.147,Moderna - Spikevax,2021-03-19,1.0,3201.0,28.463
Yemen,YEM,EMRO,REPORTING,2022-09-28,1065395.0,861625.0,3.572,2.889,604202.0,2.026,"AstraZeneca - Vaxzevria,Beijing CNBG - BBIBP-CorV,Bharat - Covaxin,CanSino - Convidecia,Gamaleya - Gam-Covid-Vac,Gamaleya - Sputnik-Light,Janssen - Ad26.COV 2-S,Moderna - Spikevax,Pfizer BioNTech - Comirnaty,SII - Covishield,Sinovac - CoronaVac",2021-04-20,11.0,33507.0,0.112
Zambia,ZMB,AFRO,REPORTING,2022-09-25,9315275.0,8233510.0,50.671,44.786,6043203.0,32.872,"Beijing CNBG - BBIBP-CorV,Janssen - Ad26.COV 2-S,SII - Covishield",2021-04-14,3.0,668550.0,3.637
Zimbabwe,ZWE,AFRO,REPORTING,2022-10-02,12573027.0,6530782.0,84.593,43.94,4883871.0,32.859,"Beijing CNBG - BBIBP-CorV,Bharat - Covaxin,Gamaleya - Gam-Covid-Vac,Sinovac - CoronaVac",2021-02-18,4.0,1158374.0,7.794
